Year-Month,nzd0198_Average_Value,Value,Smooth_Value
2009-06,362.01170999369384,0.1,-0.026436877850442575
2009-07,361.4291133642753,0.2,-0.08658877753070313
2009-09,363.0865123757287,0.3,-0.33782725787372647
2009-10,367.2843028012435,-1.2,-0.4773487396122479
2009-11,373.11011155257967,-0.6,-0.5519395181611079
2010-01,378.5005006568267,-1.1,-0.4275347645816017
2010-03,376.2224944852738,0.7,0.09621495184660031
2010-04,374.8845043051053,1.2,0.35629986793144897
2010-05,373.0924341745618,0.9,0.498877407004968
