Year-Month,nzd0132_Average_Value,Value,Smooth_Value
2015-04,353.66089043484993,-0.0,-0.142444984255451
2015-07,348.0049337104473,-1.1,-0.7643328419166813
2016-02,343.0930150454134,-2.0,-1.0168625849678246
2016-03,339.6259328528183,0.1,-0.7420966972240658
2016-05,335.94316659517625,0.4,-0.12180136371392039
2016-07,332.85250839894564,0.4,0.3238526609203065
2016-08,330.97735502325736,0.7,0.41835244928505577
2016-09,330.124078902748,1.2,0.427931097749497
