Year-Month,nzd0046_Average_Value,Value,Smooth_Value
2009-09,374.55193349056316,0.3,-0.33782725787372647
2009-10,375.65248347650044,-1.2,-0.4773487396122479
2009-11,378.06446060647073,-0.6,-0.5519395181611079
2009-12,381.82764839169477,-0.7,-0.5411500982145133
2010-02,387.7073763287475,-1.5,-0.20357592093310356
2010-03,392.96791669408697,0.7,0.09621495184660031
2010-04,395.41277444902425,1.2,0.35629986793144897
