Year-Month,nzd0121_Average_Value,Value,Smooth_Value
2009-06,263.2684349244661,0.1,-0.026436877850442575
2009-07,264.2122762074013,0.2,-0.08658877753070313
2009-08,265.5141114550532,-0.2,-0.19899027202557182
2009-09,267.7871648853257,0.3,-0.33782725787372647
2010-03,269.72554464460535,0.7,0.09621495184660031
2010-05,271.16322242621885,0.9,0.498877407004968
