Year-Month,nzd0012_Average_Value,Value,Smooth_Value
2015-02,367.15287799418377,0.2,-0.01329546431728201
2015-06,367.9882343153947,0.6,-0.5117448674079201
2015-07,369.73155006183936,-1.1,-0.7643328419166813
2015-08,371.9219906793928,-1.4,-0.9988527712047519
2015-12,374.70632949697017,-0.6,-1.2631889802651712
2016-01,377.3521176816636,-2.2,-1.193179246780593
2016-04,379.81213580700444,-1.2,-0.43818537438602867
2016-09,382.6519325243205,1.2,0.427931097749497
2016-10,385.2655791325332,-0.3,0.37185413745738655
