Year-Month,nzd0006_Average_Value,Value,Smooth_Value
2015-01,334.5285153153288,-0.8,-0.02361844478636419
2015-06,338.53017800205106,0.6,-0.5117448674079201
2015-07,342.83280370204506,-1.1,-0.7643328419166813
2015-08,346.77629241264316,-1.4,-0.9988527712047519
2015-10,350.6670182053555,-1.7,-1.2631127296992328
2015-12,355.8820861043313,-0.6,-1.2631889802651712
2016-08,359.9807306312515,0.7,0.41835244928505577
2016-10,362.1126767152384,-0.3,0.37185413745738655
2016-12,363.4111106321774,0.3,0.29082185715007086
