Year-Month,nzd0006_Average_Value,Value,Smooth_Value
2015-01,334.5285153153288,-0.8,-0.026328534672692017
2015-06,338.53017800205106,0.6,-0.508356996250595
2015-07,342.83280370204506,-1.1,-0.7553463436858198
2015-08,346.77629241264316,-1.4,-0.9816565732198712
2015-10,350.6670182053555,-1.7,-1.2234286985731415
2015-12,355.8820861043313,-0.6,-1.2106823585441302
