Year-Month,nzd0266_Average_Value,Value,Smooth_Value
2010-01,343.703144394294,-1.1,-0.4275347645816017
2010-03,345.45469701671027,0.7,0.09621495184660031
2010-05,345.16264591848454,0.9,0.498877407004968
