Year-Month,nzd0029_Average_Value,Value,Smooth_Value
2011-04,382.8457761424541,1.9,1.5874991683792299
2011-05,383.26905078346414,0.4,1.2812238970450798
2011-07,383.1999659584445,1.0,0.923894224384542
2011-08,382.7433647805723,0.4,0.8870934010216411
2011-10,382.30298714309185,0.8,0.988811060440188
2012-02,382.3064006909659,0.5,0.7147659256553924
