Year-Month,nzd0029_Average_Value,Value,Smooth_Value
2011-04,389.78120367265717,1.9,1.5874991683792299
2011-05,389.9244405612777,0.4,1.2812238970450798
2011-07,389.50984141049787,1.0,0.923894224384542
2011-08,388.6912524568812,0.4,0.8870934010216411
2011-10,387.92424422983686,0.8,0.988811060440188
2012-02,387.8639265019033,0.5,0.7147659256553924
