Year-Month,nzd0321_Average_Value,Value,Smooth_Value
2009-08,383.62179783198866,-0.2,-0.19899027202557182
2009-09,384.4676128195554,0.3,-0.33782725787372647
2009-12,386.14097127155605,-0.7,-0.5411500982145133
2010-01,389.3385049495979,-1.1,-0.4275347645816017
2010-04,392.7516095851339,1.2,0.35629986793144897
