Year-Month,nzd0062_Average_Value,Value,Smooth_Value
2014-07,380.70351130037267,-0.2,-0.3487138665037874
2014-09,379.7124668117504,-0.7,-0.49298645237950645
2014-11,378.10516254054744,-0.9,-0.4952004665978614
2015-02,375.9847983201348,0.2,-0.1923623685305097
2015-07,374.2448177778897,-1.1,-0.7355704058278387
2015-08,374.3394096427885,-1.4,-0.9622910582341513
2015-12,377.98746895873546,-0.6,-1.2069014222130565
2016-01,381.82946138378094,-2.2,-1.1522751969130391
2016-04,383.26088943333997,-1.2,-0.6625656686641619
