Year-Month,nzd0054_Average_Value,Value,Smooth_Value
2009-06,368.8337559107798,0.1,-0.026436877850442575
2009-09,368.8816427253137,0.3,-0.33782725787372647
2009-10,370.45143857257546,-1.2,-0.4773487396122479
2009-11,373.69577363480755,-0.6,-0.5519395181611079
2009-12,378.5761363556019,-0.7,-0.5411500982145133
2010-02,385.4060030895565,-1.5,-0.20357592093310356
2010-03,390.2578837184328,0.7,0.09621495184660031
