Year-Month,nzd0275_Average_Value,Value,Smooth_Value
2009-09,315.41797545205543,0.3,-0.33782725787372647
2009-12,314.6384149389514,-0.7,-0.5411500982145133
2010-02,313.6731482085959,-1.5,-0.20357592093310356
2010-03,312.67836075538764,0.7,0.09621495184660031
2010-04,311.96201653453795,1.2,0.35629986793144897
2010-05,311.39953161827145,0.9,0.498877407004968
