Year-Month,nzd0059_Average_Value,Value,Smooth_Value
2014-07,385.50943020177596,-0.2,-0.3487138665037874
2015-07,381.12926400201667,-1.1,-0.7355704058278387
2015-08,379.05564265959697,-1.4,-0.9622910582341513
2015-10,382.2536104980828,-1.7,-1.2121554705874154
2015-12,388.23916528720554,-0.6,-1.2069014222130565
2016-01,392.61837740335494,-2.2,-1.1522751969130391
2016-04,392.0480447122296,-1.2,-0.6625656686641619
2016-05,386.8216027237571,0.4,-0.5506286739942947
