Year-Month,nzd0121_Average_Value,Value,Smooth_Value
2015-01,268.95007252268925,-0.8,-0.02361844478636419
2015-04,270.23799937691336,-0.0,-0.142444984255451
2015-07,270.7041301693835,-1.1,-0.7643328419166813
2015-11,270.96915000054054,-0.5,-1.281960380100571
2016-01,270.66251167410843,-2.2,-1.193179246780593
2016-04,269.9975621371581,-1.2,-0.43818537438602867
2016-07,269.0301290580217,0.4,0.3238526609203065
2016-08,268.7550063063151,0.7,0.41835244928505577
