Year-Month,nzd0121_Average_Value,Value,Smooth_Value
2015-01,278.82435224269517,-0.8,-0.026328534672692017
2015-04,279.77051085397426,-0.0,-0.14418949367457895
2015-07,279.7267193858215,-1.1,-0.7553463436858198
2015-11,279.3884371045373,-0.5,-1.2322330304094364
2016-01,278.7688712865413,-2.2,-1.153733157805397
2016-04,277.6037765987368,-1.2,-0.6613134761131747
