Year-Month,nzd0062_Average_Value,Value,Smooth_Value
2015-02,375.9847983201348,0.2,-0.01329546431728201
2015-07,374.2448177778897,-1.1,-0.7643328419166813
2015-08,374.3394096427885,-1.4,-0.9988527712047519
2015-12,377.98746895873546,-0.6,-1.2631889802651712
2016-01,381.82946138378094,-2.2,-1.193179246780593
2016-04,383.26088943333997,-1.2,-0.43818537438602867
2016-06,383.7814346875664,0.6,0.1427691734311783
2016-08,383.7791381894242,0.7,0.41835244928505577
