Year-Month,nzd0002_Average_Value,Value,Smooth_Value
2015-06,295.6947717272317,0.6,-0.508356996250595
2015-07,296.9191689676958,-1.1,-0.7553463436858198
2015-08,299.25174203951326,-1.4,-0.9816565732198712
2015-10,302.29389321350993,-1.7,-1.2234286985731415
2015-12,306.03248418187366,-0.6,-1.2106823585441302
2016-01,307.5732340957304,-2.2,-1.153733157805397
2016-04,306.6559114816551,-1.2,-0.6613134761131747
2016-05,306.14267248817606,0.4,-0.549214192154204
