Year-Month,nzd0090_Average_Value,Value,Smooth_Value
2007-05,313.97007632707476,-0.1,-0.016180324519896427
2007-11,313.02503550270256,0.9,1.0943891247383541
2008-01,313.05723701552887,1.8,1.4030694697046089
2008-04,313.8409288926152,0.7,1.0499210465134008
2008-05,314.8806769218508,-0.1,0.8829204825129267
2008-08,315.6460622530808,1.0,0.8970593281339184
2009-01,315.98420533095964,1.1,1.1093665014719247
2009-02,316.088968482341,1.9,0.9956342554277368
