Year-Month,nzd0273_Average_Value,Value,Smooth_Value
2009-11,329.25483389922374,-0.6,-0.5519395181611079
2010-01,329.0041460624422,-1.1,-0.4275347645816017
2010-05,327.7810816882744,0.9,0.498877407004968
