Year-Month,nzd0075_Average_Value,Value,Smooth_Value
2009-06,376.00997620083353,0.1,-0.026436877850442575
2009-07,375.01808200823007,0.2,-0.08658877753070313
2009-09,376.3996060397755,0.3,-0.33782725787372647
2009-11,379.07185215553835,-0.6,-0.5519395181611079
2009-12,382.4736947687505,-0.7,-0.5411500982145133
2010-01,383.5251035112415,-1.1,-0.4275347645816017
2010-02,383.06642609041916,-1.5,-0.20357592093310356
2010-03,381.9666305039263,0.7,0.09621495184660031
2010-05,380.8782640235618,0.9,0.498877407004968
