Year-Month,nzd0100_Average_Value,Value,Smooth_Value
2007-01,391.95871650109495,-0.8,-0.3251184946321467
2007-02,390.2486440535772,-0.1,-0.27128481353261524
2007-05,387.1757755469154,-0.1,-0.016180324519896427
2007-11,384.3810086558875,0.9,1.0943891247383541
2008-01,384.09489601918983,1.8,1.4030694697046089
2008-05,385.40289300809286,-0.1,0.8829204825129267
2008-08,387.23122348452335,1.0,0.8970593281339184
2008-10,388.6932054419064,1.3,1.106057583248715
2009-02,388.8392605818153,1.9,0.9956342554277368
