Year-Month,nzd0006_Average_Value,Value,Smooth_Value
2009-06,352.10200387477533,0.1,-0.026436877850442575
2009-10,351.40157523897597,-1.2,-0.4773487396122479
2010-01,350.49224183543527,-1.1,-0.4275347645816017
2010-02,349.36709128427646,-1.5,-0.20357592093310356
2010-03,349.1560103707671,0.7,0.09621495184660031
