Year-Month,nzd0054_Average_Value,Value,Smooth_Value
2014-07,381.19554274329084,-0.2,-0.3487138665037874
2015-07,378.5276925734373,-1.1,-0.7355704058278387
2015-08,377.3733950655,-1.4,-0.9622910582341513
2015-10,378.18834512789994,-1.7,-1.2121554705874154
2015-12,381.45768366173206,-0.6,-1.2069014222130565
2016-01,384.186168358917,-2.2,-1.1522751969130391
2016-04,384.3795889079668,-1.2,-0.6625656686641619
2016-05,382.8928703446367,0.4,-0.5506286739942947
