Year-Month,nzd0029_Average_Value,Value,Smooth_Value
2015-01,394.21948253417764,-0.8,-0.026328534672692017
2015-02,395.07050715164297,0.2,-0.015985566434730415
2015-07,395.8699983532379,-1.1,-0.7553463436858198
2015-08,396.65248491026455,-1.4,-0.9816565732198712
2015-10,397.9013054505409,-1.7,-1.2234286985731415
2015-11,399.31356811529486,-0.5,-1.2322330304094364
2015-12,401.949517866223,-0.6,-1.2106823585441302
2016-01,404.5801699251237,-2.2,-1.153733157805397
