Year-Month,nzd0029_Average_Value,Value,Smooth_Value
2015-01,401.6406774562875,-0.8,-0.02361844478636419
2015-02,402.30682816604815,0.2,-0.01329546431728201
2015-07,402.85023093309974,-1.1,-0.7643328419166813
2015-08,403.34221417053357,-1.4,-0.9988527712047519
2015-10,404.2889054356468,-1.7,-1.2631127296992328
2015-11,405.37679919096524,-0.5,-1.281960380100571
2015-12,407.3371301323207,-0.6,-1.2631889802651712
2016-01,409.14385204264755,-2.2,-1.193179246780593
2016-10,410.71587578909526,-0.3,0.37185413745738655
