Year-Month,nzd0343_Average_Value,Value,Smooth_Value
2009-06,319.8882477666713,0.1,-0.026436877850442575
2009-07,320.936499973157,0.2,-0.08658877753070313
2009-08,322.40773363586794,-0.2,-0.19899027202557182
2009-09,323.36482947961065,0.3,-0.33782725787372647
2009-10,323.7478214724973,-1.2,-0.4773487396122479
2009-12,323.7856481629632,-0.7,-0.5411500982145133
2010-03,322.8626815782696,0.7,0.09621495184660031
