Year-Month,nzd0106_Average_Value,Value,Smooth_Value
2007-05,369.5680270674925,-0.1,-0.016180324519896427
2007-08,367.3999672624252,0.4,0.39714931128781017
2007-11,367.2200311525924,0.9,1.0943891247383541
2008-05,368.3534111104662,-0.1,0.8829204825129267
2008-08,370.05632115838733,1.0,0.8970593281339184
2009-01,371.74620212498854,1.1,1.1093665014719247
2009-02,373.09605795552756,1.9,0.9956342554277368
