Year-Month,nzd0257_Average_Value,Value,Smooth_Value
2009-12,347.4072101178728,-0.7,-0.5411500982145133
2010-01,348.47789024199716,-1.1,-0.4275347645816017
2010-05,348.6124897950293,0.9,0.498877407004968
