Year-Month,nzd0330_Average_Value,Value,Smooth_Value
2009-06,336.23723370263843,0.1,-0.026436877850442575
2009-07,337.4903849922488,0.2,-0.08658877753070313
2009-08,338.5649530345538,-0.2,-0.19899027202557182
2009-09,338.3592086282576,0.3,-0.33782725787372647
2009-10,336.93044332342964,-1.2,-0.4773487396122479
2009-12,336.2326001309128,-0.7,-0.5411500982145133
2010-03,337.19924633775435,0.7,0.09621495184660031
2010-04,339.72940263458656,1.2,0.35629986793144897
2010-05,340.46374269051825,0.9,0.498877407004968
