Year-Month,nzd0115_Average_Value,Value,Smooth_Value
2015-01,433.27087578030574,-0.8,-0.026328534672692017
2015-04,437.5381970703981,-0.0,-0.14418949367457895
2015-05,439.1137348987001,-0.7,-0.3059687454801011
2015-07,440.3851537966596,-1.1,-0.7553463436858198
2015-11,442.71201981350276,-0.5,-1.2322330304094364
2016-01,445.2088985647121,-2.2,-1.153733157805397
2016-03,446.3269400587356,0.1,-0.8261861570214784
2016-04,444.20605890524394,-1.2,-0.6613134761131747
2016-05,438.46919787850936,0.4,-0.549214192154204
