Year-Month,nzd0025_Average_Value,Value,Smooth_Value
2009-06,392.2778035878677,0.1,-0.026436877850442575
2009-09,392.7917008568526,0.3,-0.33782725787372647
2009-10,392.7715640711648,-1.2,-0.4773487396122479
2009-11,392.8352012018221,-0.6,-0.5519395181611079
2010-02,393.5775177768036,-1.5,-0.20357592093310356
2010-05,394.1350206559007,0.9,0.498877407004968
