Year-Month,nzd0295_Average_Value,Value,Smooth_Value
2009-07,355.07177754296697,0.2,-0.08658877753070313
2009-08,356.3189345424939,-0.2,-0.19899027202557182
2009-09,359.82591333422596,0.3,-0.33782725787372647
2009-11,363.5174073467484,-0.6,-0.5519395181611079
2009-12,366.9332203108277,-0.7,-0.5411500982145133
2010-02,368.3216418149624,-1.5,-0.20357592093310356
2010-03,366.2061657847612,0.7,0.09621495184660031
2010-04,361.2320533824941,1.2,0.35629986793144897
2010-05,357.1375152762296,0.9,0.498877407004968
