Year-Month,nzd0100_Average_Value,Value,Smooth_Value
2009-06,386.6349214255873,0.1,-0.026436877850442575
2009-07,383.15322623828746,0.2,-0.08658877753070313
2009-08,380.99794798301207,-0.2,-0.19899027202557182
2009-09,381.7517076340883,0.3,-0.33782725787372647
2009-11,384.45713049116017,-0.6,-0.5519395181611079
2010-01,387.6242063540399,-1.1,-0.4275347645816017
2010-02,390.96424283420095,-1.5,-0.20357592093310356
2010-03,391.5823997120427,0.7,0.09621495184660031
