Year-Month,nzd0115_Average_Value,Value,Smooth_Value
2009-06,430.6653983556636,0.1,-0.026436877850442575
2009-07,431.36308527579735,0.2,-0.08658877753070313
2009-08,430.6353233751598,-0.2,-0.19899027202557182
2009-09,429.67822285515854,0.3,-0.33782725787372647
2010-03,428.54282900534577,0.7,0.09621495184660031
2010-05,427.9800232194691,0.9,0.498877407004968
