Year-Month,nzd0106_Average_Value,Value,Smooth_Value
2009-06,373.03869962608405,0.1,-0.026436877850442575
2009-07,371.28650659951404,0.2,-0.08658877753070313
2009-08,369.866131320132,-0.2,-0.19899027202557182
2009-09,369.99438399254734,0.3,-0.33782725787372647
2009-11,371.18572293071895,-0.6,-0.5519395181611079
2010-01,372.4651248349115,-1.1,-0.4275347645816017
2010-02,373.47899956092164,-1.5,-0.20357592093310356
2010-03,374.01705543356616,0.7,0.09621495184660031
