Year-Month,nzd0025_Average_Value,Value,Smooth_Value
2015-07,381.10186942166507,-1.1,-0.7643328419166813
2015-08,380.0163485402472,-1.4,-0.9988527712047519
2015-10,381.2606922474086,-1.7,-1.2631127296992328
2015-12,385.6183391226943,-0.6,-1.2631889802651712
2016-01,389.4012224973188,-2.2,-1.193179246780593
2016-04,388.28625752808614,-1.2,-0.43818537438602867
2016-05,385.32632640813085,0.4,-0.12180136371392039
2016-07,381.928979412271,0.4,0.3238526609203065
2016-09,379.3566035526651,1.2,0.427931097749497
