Year-Month,nzd0025_Average_Value,Value,Smooth_Value
2015-07,381.10186942166507,-1.1,-0.7553463436858198
2015-08,380.0163485402472,-1.4,-0.9816565732198712
2015-10,381.2606922474086,-1.7,-1.2234286985731415
2015-12,385.6183391226943,-0.6,-1.2106823585441302
2016-01,389.4012224973188,-2.2,-1.153733157805397
2016-04,388.28625752808614,-1.2,-0.6613134761131747
2016-05,385.32632640813085,0.4,-0.549214192154204
