Year-Month,nzd0332_Average_Value,Value,Smooth_Value
2009-08,360.4816694844158,-0.2,-0.19899027202557182
2009-09,359.3297033420676,0.3,-0.33782725787372647
2009-11,358.1470829264067,-0.6,-0.5519395181611079
2009-12,357.38271579224306,-0.7,-0.5411500982145133
2010-01,359.26882411430756,-1.1,-0.4275347645816017
2010-03,360.7250114693147,0.7,0.09621495184660031
2010-04,361.5469921958986,1.2,0.35629986793144897
