Year-Month,nzd0237_Average_Value,Value,Smooth_Value
2007-02,340.41499205356666,-0.1,-0.27128481353261524
2007-03,341.5365054856022,0.2,-0.19329754541904326
2007-04,341.78077933083534,-0.1,-0.11013148353113292
2007-09,340.80287505389794,0.2,0.6084422538412229
2007-12,338.42739757745557,1.7,1.2960565273346978
2008-05,335.2304679783006,-0.1,0.8829204825129267
2008-08,331.7201800729576,1.0,0.8970593281339184
2008-10,329.0112682987847,1.3,1.106057583248715
2009-03,327.50270084820113,0.4,0.8338649815412001
