Year-Month,nzd0007_Average_Value,Value,Smooth_Value
2011-01,328.98628297781084,2.3,2.276724024235489
2011-03,324.2407298152237,2.5,1.927351421540106
2012-03,319.4679464576682,0.7,0.567574472486907
2012-06,315.6691893549561,0.4,0.12444330403939796
2012-11,313.47512279116813,0.3,0.032206251660850164
2012-12,311.2232262812631,-0.6,0.07280964762173664
2013-05,308.4551446752312,0.8,0.6401910644256683
2013-06,306.1145337270271,1.2,0.6524818091553127
