Year-Month,nzd0254_Average_Value,Value,Smooth_Value
2009-09,283.79529126679273,0.3,-0.33782725787372647
2009-10,284.29406218230855,-1.2,-0.4773487396122479
2009-11,286.245267454407,-0.6,-0.5519395181611079
2010-01,288.7119909348973,-1.1,-0.4275347645816017
2010-02,289.0379209809282,-1.5,-0.20357592093310356
2010-03,287.86069050740633,0.7,0.09621495184660031
2010-04,286.3011401626106,1.2,0.35629986793144897
