Year-Month,nzd0046_Average_Value,Value,Smooth_Value
2007-04,388.7740217686205,-0.1,-0.11013148353113292
2007-05,390.54795800452496,-0.1,-0.016180324519896427
2007-11,390.6992943519009,0.9,1.0943891247383541
2008-04,389.72179680830595,0.7,1.0499210465134008
2008-08,385.0117054873957,1.0,0.8970593281339184
2008-11,378.9068200305881,1.3,1.1647632306531346
2009-01,376.8663080309832,1.1,1.1093665014719247
2009-03,375.80396971625873,0.4,0.8338649815412001
2009-05,374.72291260570915,-0.1,0.5925614980759444
