Year-Month,nzd0059_Average_Value,Value,Smooth_Value
2009-09,378.716809538776,0.3,-0.33782725787372647
2009-11,382.67826704924386,-0.6,-0.5519395181611079
2010-02,386.5425184649766,-1.5,-0.20357592093310356
2010-03,389.3469249717933,0.7,0.09621495184660031
