Year-Month,nzd0090_Average_Value,Value,Smooth_Value
2009-06,315.28743155012603,0.1,-0.026436877850442575
2009-07,313.77146608708904,0.2,-0.08658877753070313
2009-08,312.98482497769345,-0.2,-0.19899027202557182
2009-09,313.0207654339417,0.3,-0.33782725787372647
2009-11,313.61838457861364,-0.6,-0.5519395181611079
2009-12,314.3584524896274,-0.7,-0.5411500982145133
2010-01,314.9785772704192,-1.1,-0.4275347645816017
2010-03,314.7765082218595,0.7,0.09621495184660031
2010-05,314.4291717258662,0.9,0.498877407004968
