Year-Month,nzd0007_Average_Value,Value,Smooth_Value
2010-07,333.3895312237471,1.8,1.4566032356250354
2011-01,328.98628297781084,2.3,2.178681326841063
2011-03,324.2407298152237,2.5,1.877572171013436
2012-03,319.4679464576682,0.7,0.5677277008214916
2012-06,315.6691893549561,0.4,0.12426133628276635
2012-11,313.47512279116813,0.3,0.032184413566955006
2012-12,311.2232262812631,-0.6,0.07280367131966108
2013-05,308.4551446752312,0.8,0.640195906975675
2013-06,306.1145337270271,1.2,0.6524850257897755
