Year-Month,nzd0242_Average_Value,Value,Smooth_Value
2009-09,335.88187063482417,0.3,-0.33782725787372647
2009-11,338.9114219576304,-0.6,-0.5519395181611079
2009-12,340.97375127375085,-0.7,-0.5411500982145133
2010-01,341.35713817464375,-1.1,-0.4275347645816017
2010-02,340.68050235441433,-1.5,-0.20357592093310356
2010-03,339.77031665881384,0.7,0.09621495184660031
2010-04,339.0511843850387,1.2,0.35629986793144897
