Year-Month,nzd0286_Average_Value,Value,Smooth_Value
2009-09,355.6813968060781,0.3,-0.33782725787372647
2009-12,356.3826416929771,-0.7,-0.5411500982145133
2010-02,355.01952271475284,-1.5,-0.20357592093310356
2010-03,353.4610583363642,0.7,0.09621495184660031
2010-04,352.0107231319733,1.2,0.35629986793144897
2010-05,350.9628703163184,0.9,0.498877407004968
