Year-Month,nzd0299_Average_Value,Value,Smooth_Value
2009-12,332.2018489954732,-0.7,-0.5411500982145133
2010-01,332.6244641223495,-1.1,-0.4275347645816017
2010-02,332.9802622758181,-1.5,-0.20357592093310356
2010-04,332.7859382084101,1.2,0.35629986793144897
2010-05,332.65212012124425,0.9,0.498877407004968
