Year-Month,nzd0315_Average_Value,Value,Smooth_Value
2009-07,367.75597279218914,0.2,-0.08658877753070313
2009-08,367.51925241328723,-0.2,-0.19899027202557182
2009-09,367.1165385196618,0.3,-0.33782725787372647
2009-12,367.5220238465566,-0.7,-0.5411500982145133
2010-01,371.7349328198809,-1.1,-0.4275347645816017
2010-03,375.13741379680806,0.7,0.09621495184660031
2010-04,378.6593711801576,1.2,0.35629986793144897
2010-05,381.8304958184123,0.9,0.498877407004968
