Year-Month,nzd0062_Average_Value,Value,Smooth_Value
2009-09,383.01583233750245,0.3,-0.3586278424112238
2010-02,385.8614069844886,-1.5,-0.300173283776794
2010-03,388.6967994014615,0.7,0.04430171802852853
2010-07,389.7035552481174,1.8,1.3907967565525459
2010-10,389.2813499656009,1.7,1.9942552624019145
2010-11,388.35263575888354,1.3,2.1046064279016834
2011-02,386.906519014946,2.7,2.120400043267508
2011-04,385.06863037695877,1.9,1.8079046987697092
