Year-Month,nzd0205_Average_Value,Value,Smooth_Value
2009-06,305.74111308439615,0.1,-0.026436877850442575
2009-09,312.0621980476563,0.3,-0.33782725787372647
2009-11,315.9117182376302,-0.6,-0.5519395181611079
2009-12,318.5752586927084,-0.7,-0.5411500982145133
2010-01,320.00077077172756,-1.1,-0.4275347645816017
2010-02,317.6234087679447,-1.5,-0.20357592093310356
2010-03,314.29480160873425,0.7,0.09621495184660031
2010-04,310.06128168159717,1.2,0.35629986793144897
2010-05,301.8147052944808,0.9,0.498877407004968
