Year-Month,nzd0029_Average_Value,Value,Smooth_Value
2009-10,377.28271837110384,-1.2,-0.4773487396122479
2010-03,380.7554050788402,0.7,0.09621495184660031
