Year-Month,nzd0029_Average_Value,Value,Smooth_Value
2009-10,385.03407940790237,-1.2,-0.5171616902266175
2010-03,388.043901600646,0.7,0.04430171802852853
2011-04,389.78120367265717,1.9,1.8079046987697092
2011-05,389.9244405612777,0.4,1.6824350677481223
