Year-Month,nzd0119_Average_Value,Value,Smooth_Value
2009-06,355.5267155217492,0.1,-0.026436877850442575
2009-07,352.199414196393,0.2,-0.08658877753070313
2009-08,352.42905078767205,-0.2,-0.19899027202557182
2009-09,354.96740004585126,0.3,-0.33782725787372647
2009-11,357.4742835088741,-0.6,-0.5519395181611079
2010-01,360.8867300824804,-1.1,-0.4275347645816017
2010-02,361.079953384832,-1.5,-0.20357592093310356
2010-03,360.1005253352915,0.7,0.09621495184660031
2010-05,358.83156745454505,0.9,0.498877407004968
