Year-Month,nzd0053_Average_Value,Value,Smooth_Value
2009-06,362.58530920001306,0.1,-0.026436877850442575
2009-07,362.89203835540195,0.2,-0.08658877753070313
2009-08,365.33867141563064,-0.2,-0.19899027202557182
2009-09,367.88732188921637,0.3,-0.33782725787372647
2009-11,369.74654186076805,-0.6,-0.5519395181611079
2009-12,371.0357224448152,-0.7,-0.5411500982145133
2010-03,370.3803389944182,0.7,0.09621495184660031
2010-05,369.14890468645444,0.9,0.498877407004968
