Year-Month,nzd0115_Average_Value,Value,Smooth_Value
2010-11,430.1873944755222,1.3,2.061032776486657
2011-01,434.4614660769731,2.3,2.1791222818808165
2011-03,436.03575499482815,2.5,1.878902311897896
2011-04,435.1682624974906,1.9,1.5874991683792299
2011-05,431.12071223067676,0.4,1.2812238970450798
2011-07,427.9953273959896,1.0,0.923894224384542
2011-09,427.2655801709064,1.0,0.9237607103115116
2012-03,427.0226215062631,0.7,0.5081743496096829
2012-04,426.89989720293016,-0.3,0.32964316290899276
