Year-Month,nzd0324_Average_Value,Value,Smooth_Value
2009-06,337.5213874320581,0.1,-0.026436877850442575
2009-07,337.2845472737738,0.2,-0.08658877753070313
2009-08,337.5999191254016,-0.2,-0.19899027202557182
2009-09,338.40174053116044,0.3,-0.33782725787372647
2009-10,339.3092394175005,-1.2,-0.4773487396122479
2009-12,339.5133687653647,-0.7,-0.5411500982145133
2010-03,338.8969577781431,0.7,0.09621495184660031
2010-04,338.7763061991602,1.2,0.35629986793144897
2010-05,338.6744694208375,0.9,0.498877407004968
