Year-Month,nzd0065_Average_Value,Value,Smooth_Value
2009-09,350.61016839568117,0.3,-0.3586278424112238
2010-02,356.0819238982186,-1.5,-0.300173283776794
2010-03,358.1019860881586,0.7,0.04430171802852853
2010-06,356.5593607863866,0.4,1.0832436868710824
2010-07,354.9124975380385,1.8,1.3907967565525459
2010-10,353.04190482408745,1.7,1.9942552624019145
2010-11,351.0218854508858,1.3,2.1046064279016834
2011-04,348.62470615647345,1.9,1.8079046987697092
