Year-Month,nzd0059_Average_Value,Value,Smooth_Value
2015-07,381.12926400201667,-1.1,-0.7553463436858198
2015-08,379.05564265959697,-1.4,-0.9816565732198712
2015-10,382.2536104980828,-1.7,-1.2234286985731415
2015-12,388.23916528720554,-0.6,-1.2106823585441302
2016-01,392.61837740335494,-2.2,-1.153733157805397
2016-04,392.0480447122296,-1.2,-0.6613134761131747
2016-05,386.8216027237571,0.4,-0.549214192154204
