Year-Month,nzd0059_Average_Value,Value,Smooth_Value
2015-07,381.12926400201667,-1.1,-0.7643328419166813
2015-08,379.05564265959697,-1.4,-0.9988527712047519
2015-10,382.2536104980828,-1.7,-1.2631127296992328
2015-12,388.23916528720554,-0.6,-1.2631889802651712
2016-01,392.61837740335494,-2.2,-1.193179246780593
2016-04,392.0480447122296,-1.2,-0.43818537438602867
2016-05,386.8216027237571,0.4,-0.12180136371392039
2016-08,382.196799601659,0.7,0.41835244928505577
2016-09,378.64890230612207,1.2,0.427931097749497
