Year-Month,nzd0231_Average_Value,Value,Smooth_Value
2009-06,357.4424648661694,0.1,-0.026436877850442575
2009-07,358.75919591496483,0.2,-0.08658877753070313
2009-08,358.5554640807493,-0.2,-0.19899027202557182
2009-09,357.8365603423699,0.3,-0.33782725787372647
2009-10,356.91157092428296,-1.2,-0.4773487396122479
2009-11,356.81376601964496,-0.6,-0.5519395181611079
2009-12,358.41841991544334,-0.7,-0.5411500982145133
2010-03,361.69176864872657,0.7,0.09621495184660031
2010-04,365.2968851902368,1.2,0.35629986793144897
