Year-Month,nzd0007_Average_Value,Value,Smooth_Value
2015-01,310.54954889090385,-0.8,-0.02361844478636419
2015-06,314.4617185113127,0.6,-0.5117448674079201
2016-08,318.48845240020944,0.7,0.41835244928505577
2016-10,321.8085623261003,-0.3,0.37185413745738655
