Year-Month,nzd0002_Average_Value,Value,Smooth_Value
2014-07,296.9086903560085,-0.2,-0.3487138665037874
2015-06,295.6947717272317,0.6,-0.49479395873748083
2015-07,296.9191689676958,-1.1,-0.7355704058278387
2015-08,299.25174203951326,-1.4,-0.9622910582341513
2015-10,302.29389321350993,-1.7,-1.2121554705874154
2015-12,306.03248418187366,-0.6,-1.2069014222130565
2016-01,307.5732340957304,-2.2,-1.1522751969130391
2016-04,306.6559114816551,-1.2,-0.6625656686641619
2016-05,306.14267248817606,0.4,-0.5506286739942947
