Year-Month,nzd0348_Average_Value,Value,Smooth_Value
2009-06,342.9122353218858,0.1,-0.026436877850442575
2009-07,342.9446979177875,0.2,-0.08658877753070313
2009-08,343.5260960059885,-0.2,-0.19899027202557182
2009-09,344.0255296089092,0.3,-0.33782725787372647
2009-10,344.26779024605946,-1.2,-0.4773487396122479
2009-12,344.2285218616172,-0.7,-0.5411500982145133
2010-03,343.1978062879757,0.7,0.09621495184660031
2010-04,340.8466895873946,1.2,0.35629986793144897
