Year-Month,nzd0011_Average_Value,Value,Smooth_Value
2009-09,386.4538200131542,0.3,-0.33782725787372647
2009-10,388.4578560666946,-1.2,-0.4773487396122479
2009-11,391.4209433039549,-0.6,-0.5519395181611079
2009-12,394.81828236348906,-0.7,-0.5411500982145133
2010-02,397.2108874307976,-1.5,-0.20357592093310356
2010-03,397.70046419170694,0.7,0.09621495184660031
2010-05,396.50614075572946,0.9,0.498877407004968
