Year-Month,nzd0011_Average_Value,Value,Smooth_Value
2015-01,391.7312144867954,-0.8,-0.026328534672692017
2015-06,388.08099117180456,0.6,-0.508356996250595
2015-07,385.5664692608047,-1.1,-0.7553463436858198
2015-08,384.9941254690261,-1.4,-0.9816565732198712
2015-10,386.07027614033007,-1.7,-1.2234286985731415
2015-12,388.11165716691005,-0.6,-1.2106823585441302
2016-01,389.3614508847719,-2.2,-1.153733157805397
2016-04,387.5234590957748,-1.2,-0.6613134761131747
