Year-Month,nzd0011_Average_Value,Value,Smooth_Value
2015-01,391.7312144867954,-0.8,-0.02361844478636419
2015-06,388.08099117180456,0.6,-0.5117448674079201
2015-07,385.5664692608047,-1.1,-0.7643328419166813
2015-08,384.9941254690261,-1.4,-0.9988527712047519
2015-10,386.07027614033007,-1.7,-1.2631127296992328
2015-12,388.11165716691005,-0.6,-1.2631889802651712
2016-01,389.3614508847719,-2.2,-1.193179246780593
2016-04,387.5234590957748,-1.2,-0.43818537438602867
2016-11,384.9519927500098,-0.1,0.3176414059431359
