Year-Month,nzd0046_Average_Value,Value,Smooth_Value
2015-07,382.7108558287526,-1.1,-0.7553463436858198
2015-08,380.540215519036,-1.4,-0.9816565732198712
2015-10,380.84316210395957,-1.7,-1.2234286985731415
2015-12,384.2939818199032,-0.6,-1.2106823585441302
2016-01,387.70513397241467,-2.2,-1.153733157805397
2016-04,388.5419059101209,-1.2,-0.6613134761131747
2016-05,387.77187771182173,0.4,-0.549214192154204
