Year-Month,nzd0046_Average_Value,Value,Smooth_Value
2015-07,382.7108558287526,-1.1,-0.7643328419166813
2015-08,380.540215519036,-1.4,-0.9988527712047519
2015-10,380.84316210395957,-1.7,-1.2631127296992328
2015-12,384.2939818199032,-0.6,-1.2631889802651712
2016-01,387.70513397241467,-2.2,-1.193179246780593
2016-04,388.5419059101209,-1.2,-0.43818537438602867
2016-05,387.77187771182173,0.4,-0.12180136371392039
