Year-Month,nzd0161_Average_Value,Value,Smooth_Value
2009-06,374.8113097734067,0.1,-0.026436877850442575
2009-09,377.097399471003,0.3,-0.33782725787372647
2010-01,379.63294155210133,-1.1,-0.4275347645816017
2010-05,380.0809375747622,0.9,0.498877407004968
