Year-Month,nzd0059_Average_Value,Value,Smooth_Value
2007-02,390.7129119016467,-0.1,-0.27128481353261524
2007-05,388.47249890030514,-0.1,-0.016180324519896427
2007-07,386.33312554047563,-0.3,0.2237966394337838
2007-11,384.37269960502806,0.9,1.0943891247383541
2008-04,381.9055424902392,0.7,1.0499210465134008
2008-09,378.83181034992487,1.2,1.0076123513452366
2008-11,375.8984730459465,1.3,1.1647632306531346
2008-12,375.04504407103326,1.4,1.1682189014142328
2009-02,376.3007910751017,1.9,0.9956342554277368
