Year-Month,nzd0286_Average_Value,Value,Smooth_Value
2007-01,352.14587838034436,-0.8,-0.3251184946321467
2007-03,350.6733528690611,0.2,-0.19329754541904326
2007-05,348.84474236174736,-0.1,-0.016180324519896427
2007-06,348.27722633455124,0.5,0.09479545268435013
2007-09,349.0340128905865,0.2,0.6084422538412229
2007-10,349.8664511510186,0.7,0.8514424207333278
2008-01,348.9127820828461,1.8,1.4030694697046089
2008-02,347.6818042849087,2.6,1.3872992600719174
2008-07,346.98750007658487,0.3,0.8140545348469017
2008-09,347.58048483020167,1.2,1.0076123513452366
2008-11,349.13432724996255,1.3,1.1647632306531346
2009-01,350.2585046264702,1.1,1.1093665014719247
2009-03,351.49661638642334,0.4,0.8338649815412001
2009-04,352.74011830091973,0.8,0.6874243571076117
2009-05,354.1702102615791,-0.1,0.5925614980759444
