Year-Month,nzd0299_Average_Value,Value,Smooth_Value
2010-08,334.4156034293036,1.8,1.611881056463077
2010-10,336.9769746357872,1.7,1.927033921167525
2011-01,340.7628617268262,2.3,2.1791222818808165
2011-02,343.39316584066177,2.7,2.086236192822492
2011-03,342.56857619436727,2.5,1.878902311897896
2012-03,340.15722884103195,0.7,0.5081743496096829
2012-04,337.0903982412076,-0.3,0.32964316290899276
2012-05,333.10325070342236,0.0,0.2330934007841432
