Year-Month,nzd0002_Average_Value,Value,Smooth_Value
2009-06,301.87552541985985,0.1,-0.026436877850442575
2009-11,303.0323525457401,-0.6,-0.5519395181611079
2010-02,304.13070070100036,-1.5,-0.20357592093310356
2010-03,303.3200283588239,0.7,0.09621495184660031
