Year-Month,nzd0046_Average_Value,Value,Smooth_Value
2014-07,386.8361423842503,-0.2,-0.3487138665037874
2015-07,382.7108558287526,-1.1,-0.7355704058278387
2015-08,380.540215519036,-1.4,-0.9622910582341513
2015-10,380.84316210395957,-1.7,-1.2121554705874154
2015-12,384.2939818199032,-0.6,-1.2069014222130565
2016-01,387.70513397241467,-2.2,-1.1522751969130391
2016-04,388.5419059101209,-1.2,-0.6625656686641619
2016-05,387.77187771182173,0.4,-0.5506286739942947
