Year-Month,nzd0054_Average_Value,Value,Smooth_Value
2015-07,378.5276925734373,-1.1,-0.7643328419166813
2015-08,377.3733950655,-1.4,-0.9988527712047519
2015-10,378.18834512789994,-1.7,-1.2631127296992328
2015-12,381.45768366173206,-0.6,-1.2631889802651712
2016-01,384.186168358917,-2.2,-1.193179246780593
2016-04,384.3795889079668,-1.2,-0.43818537438602867
2016-05,382.8928703446367,0.4,-0.12180136371392039
2016-09,380.8722103930592,1.2,0.427931097749497
2016-10,379.29749736506477,-0.3,0.37185413745738655
