Year-Month,nzd0054_Average_Value,Value,Smooth_Value
2015-07,378.5276925734373,-1.1,-0.7553463436858198
2015-08,377.3733950655,-1.4,-0.9816565732198712
2015-10,378.18834512789994,-1.7,-1.2234286985731415
2015-12,381.45768366173206,-0.6,-1.2106823585441302
2016-01,384.186168358917,-2.2,-1.153733157805397
2016-04,384.3795889079668,-1.2,-0.6613134761131747
2016-05,382.8928703446367,0.4,-0.549214192154204
