Year-Month,nzd0232_Average_Value,Value,Smooth_Value
2009-11,337.08894335179195,-0.6,-0.5519395181611079
2009-12,336.4688420792718,-0.7,-0.5411500982145133
2010-01,335.3405336948258,-1.1,-0.4275347645816017
2010-05,332.2960773802801,0.9,0.498877407004968
