Year-Month,nzd0003_Average_Value,Value,Smooth_Value
2015-02,319.96082473551684,0.2,-0.01329546431728201
2015-06,324.6276161836297,0.6,-0.5117448674079201
2015-10,329.77337998096266,-1.7,-1.2631127296992328
2015-12,334.3306363889381,-0.6,-1.2631889802651712
2016-01,335.1053023921476,-2.2,-1.193179246780593
2016-05,333.8888552146739,0.4,-0.12180136371392039
2016-07,332.0231446311849,0.4,0.3238526609203065
2016-08,330.59632810336825,0.7,0.41835244928505577
2016-10,329.8662358941912,-0.3,0.37185413745738655
