Year-Month,nzd0305_Average_Value,Value,Smooth_Value
2009-07,343.8063433603644,0.2,-0.08658877753070313
2009-08,343.3987959861104,-0.2,-0.19899027202557182
2009-09,344.57509266968896,0.3,-0.33782725787372647
2009-10,346.30473728024873,-1.2,-0.4773487396122479
2009-11,347.713245975525,-0.6,-0.5519395181611079
2009-12,350.18243899303127,-0.7,-0.5411500982145133
2010-02,352.2669396303047,-1.5,-0.20357592093310356
2010-03,354.108881178228,0.7,0.09621495184660031
2010-04,353.59787699807174,1.2,0.35629986793144897
