Year-Month,nzd0006_Average_Value,Value,Smooth_Value
2014-07,330.65664855394004,-0.2,-0.3487138665037874
2015-01,334.5285153153288,-0.8,-0.3062343948325223
2015-06,338.53017800205106,0.6,-0.49479395873748083
2015-07,342.83280370204506,-1.1,-0.7355704058278387
2015-08,346.77629241264316,-1.4,-0.9622910582341513
2015-10,350.6670182053555,-1.7,-1.2121554705874154
2015-12,355.8820861043313,-0.6,-1.2069014222130565
