Year-Month,nzd0008_Average_Value,Value,Smooth_Value
2015-02,359.89733795946194,0.2,-0.01329546431728201
2015-07,358.7592988737484,-1.1,-0.7643328419166813
2015-08,358.6510541342717,-1.4,-0.9988527712047519
2015-12,359.8790684995746,-0.6,-1.2631889802651712
2016-01,361.24276167814116,-2.2,-1.193179246780593
2016-04,361.9016591579227,-1.2,-0.43818537438602867
2016-05,361.9734664551287,0.4,-0.12180136371392039
2016-10,361.9947257308577,-0.3,0.37185413745738655
