Year-Month,nzd0251_Average_Value,Value,Smooth_Value
2009-09,324.7179713447193,0.3,-0.33782725787372647
2009-10,327.5048571236667,-1.2,-0.4773487396122479
2009-11,330.5809604867424,-0.6,-0.5519395181611079
2010-01,333.1388791124982,-1.1,-0.4275347645816017
2010-02,333.0609917687539,-1.5,-0.20357592093310356
2010-03,332.2160339294201,0.7,0.09621495184660031
2010-04,331.3442658505477,1.2,0.35629986793144897
