Year-Month,nzd0121_Average_Value,Value,Smooth_Value
2010-11,272.4660147569264,1.3,2.061032776486657
2011-01,273.3171934430997,2.3,2.1791222818808165
2011-04,272.73424810523693,1.9,1.5874991683792299
2011-05,269.4982901646977,0.4,1.2812238970450798
2011-07,265.17565885016484,1.0,0.923894224384542
2011-09,262.78737701606923,1.0,0.9237607103115116
2012-04,260.58745289465793,-0.3,0.32964316290899276
