Year-Month,nzd0121_Average_Value,Value,Smooth_Value
2010-11,256.3555426768734,1.3,2.061032776486657
2011-01,255.38110962994838,2.3,2.1791222818808165
2011-04,253.36014833430883,1.9,1.5874991683792299
2011-05,249.907702985738,0.4,1.2812238970450798
2011-07,247.70156042087078,1.0,0.923894224384542
2011-09,247.9649822210105,1.0,0.9237607103115116
2012-04,249.29877702937256,-0.3,0.32964316290899276
